Business Name,Category,City,Address,Phone,Website,Google Maps Link,Rating,Reviews,Website Status,Lead Quality,Reason
Thind Dental Clinic,Dentist,Ludhiana,"hig market, 11-12-13, opposite Water Tank, near Lovely sweets, Jamalpur, Ludhiana, Punjab 141010, India",092568 92568,https://thind.com/,https://maps.google.com/?cid=13566416473322240528,4.8,2343,Yes,Low Priority,Already has website
Dr Garg's Dental Care,Dentist,Ludhiana,"opposite Children Traffic Training Park, near Sethi Study Circle, Pritm Nagar, Model Town, Ludhiana, Punjab 141002, India",099158 35290,,https://maps.google.com/?cid=2026701532666117835,4.9,711,No,Top Priority,"No website, high reviews"
"Clove Dental Clinic - Sarabha Nagar Malhar Road, Punjab",Dentist,Ludhiana,"Upper ground floor, 13-C, Sarabha Nagar Main Market, Sarabha Nagar, Ludhiana, Punjab 141002, India",011 6927 1068,https://clovedental.in/dentist-near-me/ludhiana/sarabha-nagar-malhar-road?utm_source=website&utm_medium=gmb&utm_campaign=Ludhiana_Sarabha_Nagar_Malhar_Road_GMB_Punjab,https://maps.google.com/?cid=849883051021185636,4.9,1144,Yes,Low Priority,Already has website
"Clove Dental Clinic - Urban Estate Sector 32A, Punjab",Dentist,Ludhiana,"above Yes Bank, Sector 32A, Ludhiana, Punjab 141003, India",011 6927 1068,https://clovedental.in/dentist-near-me/ludhiana/urban-estate-sec-32a?utm_source=website&utm_medium=gmb&utm_campaign=Ludhiana_Urban_Estate_Sec_32A_GMB_Punjab,https://maps.google.com/?cid=9405134406441115134,4.9,1001,Yes,Low Priority,Already has website
Jolly Dental Care - Best Implant Centre in Ludhiana/ Best Orthodontist in Ludhiana,Dentist,Ludhiana,"L Opposite Old, 120, Krishna Mandir Rd, Pritm Nagar, Model Town, Ludhiana, Punjab 141002, India",095018 67112,,https://maps.google.com/?cid=11631869485853923296,4.9,354,No,Top Priority,"No website, high reviews"
✅𝗗𝗿. 𝗥𝗮𝘃𝗶𝗸𝗮 𝗞𝗮𝗻𝗶𝘀𝗵 𝗠𝗗 𝗦𝗸𝗶𝗻 𝗦𝗽𝗲𝗰𝗶𝗮𝗹𝗶𝘀𝘁 -Skin Doctor/Laser Hair Reduction/Anti Ageing Treatments/Best Dermatologist in Ludhiana,Skin clinic,Ludhiana,"Kanish Mediclinics, Circuit House Rd, opp. Ansal plaza, Maharaj Nagar, Ludhiana, Punjab 141001, India",062837 39390,http://kanishmediclinics.co.in/,https://maps.google.com/?cid=12324096616996574437,4.8,528,Yes,Low Priority,Already has website
Dr. Aditi’s Skin & Hair Clinic | MD Skin & Hair | Pigmentation | Acne | Hair | Best Skin Specialist in Ludhiana,Skin clinic,Ludhiana,"533, near Bus Stand, Sita Nagar, Ludhiana, Punjab 141001, India",070096 29885,,https://maps.google.com/?cid=12357783261712796313,4.8,1065,No,Top Priority,"No website, high reviews"
"✅ Puri Skin Clinic - Skin Specialist, Acne, Melasma, Hair Transplant, Best Skin Doctor in Ludhiana",Skin clinic,Ludhiana,"77, Vishal Nagar Ext, Vishal Nagar, Shaheed Bhagat Singh Nagar, Ludhiana, Punjab 141013, India",098761 70054,https://puriskinclinic.com/,https://maps.google.com/?cid=4083515852821127505,4.9,355,Yes,Low Priority,Already has website
"Kaya Clinic - Sarabha Nagar, Ludhiana: Laser Hair Reduction, Acne Scar, Hair Loss, Skin Lightening & Fat Loss Treatments",Skin clinic,Ludhiana,"Shop No 28F, First Floor, Malhar Road Gurdev Nagar, opposite Starbucks, Sarabha Nagar, Ludhiana, Punjab 141001, India",086575 69343,https://clinics.kaya.in/near-me/ludhiana/Sarabha-Nagar/kaya-skin-hair-clinic-in-Sarabha-Nagar-ludhiana--2TE75S/home,https://maps.google.com/?cid=4627766802966549765,4.7,908,Yes,Low Priority,Already has website
Puri Skin Clinic : Dr Gurinderjit Singh Puri - Best Skin Doctor in Ludhiana | Acne Specialist | Dermatologist in Ludhiana,Skin clinic,Ludhiana,"77, Vishal Nagar Ext, Vishal Nagar, Shaheed Bhagat Singh Nagar, Ludhiana, Punjab 141013, India",098761 70054,https://puriskinclinic.com/about-us/,https://maps.google.com/?cid=13941713083328980418,4.8,145,Yes,Low Priority,Already has website
𝐋𝐔𝐃𝐇𝐈𝐀𝐍𝐀 𝐇𝐀𝐈𝐑 𝐒𝐓𝐔𝐃𝐈𝐎 - 𝐁𝐞𝐬𝐭 𝐇𝐚𝐢𝐫 𝐓𝐫𝐚𝐧𝐬𝐩𝐥𝐚𝐧𝐭 𝐂𝐥𝐢𝐧𝐢𝐜 I Punjab,Hair clinic,Ludhiana,"677 - F, F-Block SBS Nagar, F Block, Shaheed Bhagat Singh Nagar, Ludhiana, Punjab 141001, India",096460 64131,https://ludhianahairstudio.in/,https://maps.google.com/?cid=3427920256831717850,4.9,867,Yes,Low Priority,Already has website
"AK Clinics - Best Hair Transplant Clinic in Ludhiana, Skin & Hair Treatment in Ludhiana",Hair clinic,Ludhiana,"51-E, Sarabha Nagar, Opp Kipps Market, E-Block, Sarabha Nagar, Ludhiana, Punjab 141001, India",082838 12207,https://akclinics.com/ludhiana/hair-transplant/,https://maps.google.com/?cid=7176249749944520342,4.7,1284,Yes,Low Priority,Already has website
"AK Clinics - Hair Transplant Clinic in South City, Ludhiana",Hair clinic,Ludhiana,"60, Canal Rd, South End, Aggar Nagar, Ludhiana, Punjab 141001, India",097799 44207,https://akclinics.com/ludhiana/,https://maps.google.com/?cid=114249723481877536,4.8,532,Yes,Low Priority,Already has website
First Choice Hair Transplant & Cosmetics,Hair clinic,Ludhiana,"First Floor, SCF 7, Phase 1 Rd, adj. Bank of India, Main Market, Urban Vihar, Urban Estate Dugri, Ludhiana, Punjab 141013, India",070870 20202,https://fchtc.in/,https://maps.google.com/?cid=16896885269841533350,4.8,728,Yes,Low Priority,Already has website
"✅ Satyam Hair Transplant Centre - PRP Hair Loss Treatment | Hair Transplant in Ludhiana, Punjab",Hair clinic,Ludhiana,"2387B, Krishna Nagar Rd, Near Aarti Chowk, Krishna Nagar, Ludhiana, Punjab 141001, India",098037 88888,https://satyamhairtransplant.com/,https://maps.google.com/?cid=1183122604018806236,4.6,257,Yes,Low Priority,Already has website
Physiotherapy World,Physiotherapist,Ludhiana,"BX 3369, Sandhu Commercial Tower, Gurdev Nagar, Gurdev Nagar, Ludhiana, Punjab 141001, India",098722 06077,,https://maps.google.com/?cid=518996599691795303,4.9,410,No,Top Priority,"No website, high reviews"
Aaram Physiotherapy Clinic,Physiotherapist,Ludhiana,"1, SCF, Behind BetterThink, Block C, Sarabha Nagar, Ludhiana, Punjab 141001, India",099880 18831,http://www.aaramphysiotherapyclinic.com/,https://maps.google.com/?cid=15222096448800800651,4.6,137,Yes,Low Priority,Already has website
The Physio World Physiotherapy Clinic,Physiotherapist,Ludhiana,"276A, near BABA ISHER singh school, D-Block Bhai Rahdhir Singh Nagar, Ludhiana, Punjab 141001, Block D, Bhai Randhir Singh Nagar, Ludhiana, Punjab 141012, India",098727 74323,,https://maps.google.com/?cid=1297514858189978533,4.9,84,No,Top Priority,"No website, high reviews"
MAX-PHYSIO - Best Physiotherapy Clinic in Ludhiana | Physiotherapist | Chiropractor in Ludhiana,Physiotherapist,Ludhiana,"Street no - 6, Chimni Rd, Shimlapuri, Ludhiana, Punjab 141003, India",087100 00112,http://maxphysio.in/,https://maps.google.com/?cid=11929482617247679921,5,105,Yes,Low Priority,Already has website
National Diagnostic Lab | Blood Tests | Full Body Checkup in Ludhiana,Diagnostic lab,Ludhiana,"96, Kochar Market Rd, Shakti Nagar, Green Field, Model Gram, Ludhiana, Punjab 141001, India",080100 00960,http://natlabshealthcare.com/,https://maps.google.com/?cid=2762506596949240157,4.6,318,Yes,Low Priority,Already has website
Redcliffe Labs Ludhiana | Full Body Checkup in Ludhiana,Diagnostic lab,Ludhiana,"B-17, Redcliffe Lifetech Pvt Ltd, 234/1, near Bharat Nagar Road, Bharat Nagar, Chowk, Ludhiana, Punjab 141001, India",089889 88787,https://redcliffelabs.com/ludhiana?utm_source=locator&utm_medium=googleplaces,https://maps.google.com/?cid=12011180322236479536,5,104,Yes,Low Priority,Already has website
Star Imaging & Diagnostic Centre - MRI Center/CT Scan Center/Best Pathology Center in Ludhiana,Diagnostic lab,Ludhiana,"1998/2, Circuit House Rd, Gobind Nagar, Maharaj Nagar, Ludhiana, Punjab 141001, India",0161 522 0077,http://starimagingludhiana.com/,https://maps.google.com/?cid=5334016823673816774,3.1,147,Yes,Low Priority,Already has website
G.J. Diagnostic Lab,Diagnostic lab,Ludhiana,"Dr. Likhi Road, Rani Jhansi Rd, behind Improvement Trust Building, Mall Enclave, Civil Lines, Ludhiana, Punjab 141001, India",084276 91301,http://gjdiagnosticlabs.com/,https://maps.google.com/?cid=5639152870526037761,4,85,Yes,Low Priority,Already has website
National Diagnostic Lab,Diagnostic lab,Ludhiana,"497, Model Town Rd, Pritm Nagar, Model Town, Ludhiana, Punjab 141002, India",0161 501 7712,http://www.natlabshealthcare.com/,https://maps.google.com/?cid=8015967178989046057,4.7,59,Yes,Low Priority,Already has website
"ASG Eye Hospital, Ludhiana",Eye clinic,Ludhiana,"Plot No.11,12-E Malhar Road, Sat Paul Mittal Rd, opp. AM TYRES, B - Block, Sarabha Nagar, Ludhiana, Punjab 141001, India",1800 121 1804,https://asgeyehospital.com/hospital/sarabha-nagar-ludhiana,https://maps.google.com/?cid=8214051621866569071,4.8,3151,Yes,Low Priority,Already has website
Rana Hospital - Best Eye Centre in Ludhiana/Eye Surgeon/Lasik Laser Surgery/Cataract Surgeon/Retina Surgeon,Eye clinic,Ludhiana,"Rana Hospital Square, 688-F, F-Block SBS Nagar, F Block, Shaheed Bhagat Singh Nagar, Ludhiana, Punjab 141013, India",098151 52252,https://www.ranahealthcare.com/,https://maps.google.com/?cid=4331585252131166324,4.8,554,Yes,Low Priority,Already has website
Dhami Eye Care Hospital,Eye clinic,Ludhiana,"81, 82-B, DMC Rd, Kitchlu Nagar, Ludhiana, Punjab 141001, India",098155 30812,https://www.dhamieyehospital.com/,https://maps.google.com/?cid=15745244723276260284,4.8,1109,Yes,Low Priority,Already has website
Advanced Centre For Eyes,Eye clinic,Ludhiana,"B-XX-1767, 1, Ferozepur Rd, behind Vishal Megamart, Maharaj Nagar, Ludhiana, Punjab 141001, India",098141 14678,http://www.advancedcentreforeyes.in/,https://maps.google.com/?cid=4655244619586583624,4.6,291,Yes,Low Priority,Already has website
Eyeconic eye care centre-Best Eye Doctor/Eye Doctor/Retina Specialist/Best eye Clinic Ludhiana,Eye clinic,Ludhiana,"House no. 1813, Phase 2, Duggri, Ludhiana, Punjab 141001, India",090415 50810,https://www.eyeconiceyecare.in/,https://maps.google.com/?cid=11809060430264868853,5,409,Yes,Low Priority,Already has website
N.K. Aggarwal Joints & Spine Centre Best Ortho Sergeon in Ludhiana,Orthopedic clinic,Ludhiana,"33-G Block, Sunet Rd, Block G, Bhai Randhir Singh Nagar, Ludhiana, Punjab 141012, India",097796 73359,https://jointsandspinecentre.com/,https://maps.google.com/?cid=18107741860207032180,4.8,1287,Yes,Low Priority,Already has website
✅ Dr. Shekhar Singal (Orthopaedic Surgeon- Bone & Joint Specialist Ludhiana),Orthopedic clinic,Ludhiana,"95-k,Sarabha Nagar, Opp. PAU Gate No. 1, Near Delta Heart Centre, K Block, Sarabha Nagar, Ludhiana, Punjab 141001, India",098569 00169,https://orthodermaclinic.com/,https://maps.google.com/?cid=2798233877512016902,4.9,860,Yes,Low Priority,Already has website
Dr. Vishal Garg - Best Ortho Surgeon in Ludhiana,Orthopedic clinic,Ludhiana,"530-R, Model Town Rd, opp. PNB Bank, Harnam Nagar, Model Town, Ludhiana, Punjab 141002, India",098882 55339,,https://maps.google.com/?cid=7335414708548061047,4.9,140,No,Top Priority,"No website, high reviews"
"✅ Kalyan Hospital - Best Robotic Knee Replacement, Spine Surgeon, & Back Pain Treatment in Ludhiana",Orthopedic clinic,Ludhiana,"Division Number 3, WV88+76V, Samrala Rd, near Fire Brigade, Harbans Pura, Ludhiana, Punjab 141008, India",099150 48877,https://kalyanhospital.com/,https://maps.google.com/?cid=11148470986839883963,4.4,553,Yes,Low Priority,Already has website
Hunjan Hospital,Orthopedic clinic,Ludhiana,"111, Kochar Market Rd, Sampooran Colony, South Model Gram, Ludhiana, Punjab 141002, India",085560 24365,http://www.hunjanhospital.com/,https://maps.google.com/?cid=18037026645107848031,4.3,259,Yes,Low Priority,Already has website
𝗗𝗶𝘃𝗶𝗻𝗲 𝗖𝗮𝗿𝗲 (𝗗𝗿 𝗚𝘂𝗿𝘀𝗶𝗺𝗿𝗮𝗻 𝗞𝗮𝘂𝗿): Best Gynaecologist | Best Laparoscopic Surgeon in Ludhiana,Gynecologist,Ludhiana,"2574, near Singh Sabha Gurudwara Road, Phase 1, Urban Estate Dugri, Ludhiana, Punjab 141001, India",088811 17066,,https://maps.google.com/?cid=10934903599023237655,4.9,1505,No,Top Priority,"No website, high reviews"
✅ Dr. Shuchita Batra Best Gynecologist in Ludhiana - Ameritus Hospital,Gynecologist,Ludhiana,"Ameritus Hospital, B-28, 1339, PN, 2nd floor, 86A, 200 Feet Rd, Passi Nagar, Ludhiana, Punjab 141013, India",086190 18421,https://ameritus.in/dr-shuchita-batra/,https://maps.google.com/?cid=7473596100542567913,5,402,Yes,Low Priority,Already has website
DR. NIDHI THAKUR - Best Gynecologist | Normal Delivery Specialist | Laparoscopic Hysterectomy | High Risk Pregnancy Expert,Gynecologist,Ludhiana,"Satguru Partap Singh (SPS) Hospital, SHERPUR CHOWK, Grand Trunk Rd, Dholewal Chowk, Ludhiana, Punjab 141003, India",088475 53383,,https://maps.google.com/?cid=3458854178369585911,5,315,No,Top Priority,"No website, high reviews"
Dr. Shivani Garg,Gynecologist,Ludhiana,"Shiva Ultrasound Centre Metro Road, Chandigarh Rd, near Shri Vishwanath Mandir Marg, Jamalpur, Ludhiana, Punjab 141003, India",091423 00062,https://www.drshivanigarg.com/,https://maps.google.com/?cid=2185914102207882097,4.9,279,Yes,Low Priority,Already has website
Dr. Mandeep kaur,Gynecologist,Ludhiana,"B-28/709A, Street No. - 1, sidhwan canal bridge, Panjab Mata Nagar, Shaheed Bhagat Singh Nagar, Ludhiana, Punjab 141002, India",089681 69446,https://drmandeepkaur.com/,https://maps.google.com/?cid=1637887733413467659,4.9,1067,Yes,Low Priority,Already has website
𝗪𝗢𝗥𝗟𝗗 𝗗𝗘𝗡𝗧𝗔𝗟 𝗖𝗔𝗥𝗘 𝗖𝗘𝗡𝗧𝗥𝗘,Dentist,Amritsar,"BUILDING NO 46, Rani Ka Bagh, Mohindra Colony, Amritsar, Punjab 143001, India",075084 57089,https://worlddentalcare.com/contact.html,https://maps.google.com/?cid=14407003053749916193,5,2033,Yes,Low Priority,Already has website
Dr. Om Parkash Dental,Dentist,Amritsar,"The Mall, 117-A, beside omaxe novelty mall, White Avenue, Amritsar, Punjab 143001, India",080546 12345,https://www.dromparkashdental.com/,https://maps.google.com/?cid=16882508416159594858,4.9,1772,Yes,Low Priority,Already has website
Dr. Mohindru’s Medical & Dental Care,Dentist,Amritsar,"128, Gopal Nagar, Gali, 3, Majitha Rd, Gopal Nagar, Amritsar, Punjab 143001, India",062392 45040,http://www.drmohindrusdental.com/,https://maps.google.com/?cid=16256217632461473585,5,679,Yes,Low Priority,Already has website
Dukhniwaran Dental clinic,Dentist,Amritsar,"Flat 31GF, Ranjit Ave, opposite A - Block Market Main Road, near hdfc atm, Gumtala Sub Urban, B - Block, Ranjit Avenue, Amritsar, Punjab 143001, India",085289 35037,https://wa.me/message/ARUY2JDGITHLD1,https://maps.google.com/?cid=1073657190240983224,4.9,356,Yes,Low Priority,Already has website
Clove Dental,Dentist,Amritsar,"SCO- 75, above Kafeine Cafe, near Mahindra Showroom, Gumtala Sub Urban, D - Block, Ranjit Avenue, Amritsar, Punjab 143001, India",095992 16884,https://clovedental.in/dentist-near-me/amritsar/ranjit-avenue?utm_source=website&utm_medium=gmb&utm_campaign=Amritsar_Ranjit_Avenue_GMB_Punjab,https://maps.google.com/?cid=5638629213316560961,4.9,851,Yes,Low Priority,Already has website
Eden Skin Clinic,Skin clinic,Amritsar,"SCO 35-36, Second Floor, District Shopping Complex, above Starbucks, Gumtala Sub Urban, D - Block, Ranjit Avenue, Amritsar, Punjab 143001, India",077101 17777,https://www.edenskin.clinic/,https://maps.google.com/?cid=8028259925318778553,4.9,868,Yes,Low Priority,Already has website
"Dr Silonie Skin and Laser Clinic (USA trained, Appointment compulsory .Best Botox / Fillers / Laser)",Skin clinic,Amritsar,"Gate no. 2, 556, Punjab House Fed. Housing Society, New Amritsar Colony, Amritsar, Amritsar Cantt., Punjab 143006, India",094171 54992,http://drsilonieskinlaser.com/,https://maps.google.com/?cid=7598079747187761642,4.8,1270,Yes,Low Priority,Already has website
"Dr. Tanreet’s Skin, Hair and Laser Centre in Amritsar",Skin clinic,Amritsar,"Dr Tanreet Skin Hair laser centre, Majitha Rd, opposite Kotak Mahindra Bank, Medical Enclave, Amritsar, Punjab 143001, India",095929 30083,https://drtanreetskincentre.in/,https://maps.google.com/?cid=16471382878450042785,4.9,499,Yes,Low Priority,Already has website
Dr. Anurag Mahajan Skin Clinic and Laser Hair Removal Center,Skin clinic,Amritsar,"19, Race Course Rd, near Blue Bakers, Beauty Avenue, Amritsar, Punjab 143001, India",081464 49350,,https://maps.google.com/?cid=64872299315768960,4.2,339,No,Top Priority,"No website, high reviews"
Dr Nidhi's Skin and Hair Clinic,Skin clinic,Amritsar,"207, Basant Ave, near Ajanta Public School, Shastri Nagar, White Avenue, Amritsar, Punjab 143001, India",094651 21492,https://drnidhiskin.com/,https://maps.google.com/?cid=9785353280750879623,4.9,252,Yes,Low Priority,Already has website
"Aesthetic World Hair Transplant, Skin & Dental Clinic",Hair clinic,Amritsar,"55H, 1st Floor, Back Side of Sagam Cinema Hall, Grand Trunk Rd, City Centre, Amritsar, Punjab 143006, India",062626 24814,https://aestheticworld.in/,https://maps.google.com/?cid=8718664125810620025,4.9,687,Yes,Low Priority,Already has website
Golden Aesthetics Hair Transplant Clinic in Amritsar | Top Plastic Surgeon & Cosmetic Surgery Clinic,Hair clinic,Amritsar,"Majitha Rd, Above charming chicken, Sehaj Avenue, Amritsar, Punjab 143001, India",080705 00900,http://goldenaesthetics.in/,https://maps.google.com/?cid=14857694114109498030,4.9,583,Yes,Low Priority,Already has website
Roots Hair Scalp Clinic & Wigs Centre Amritsar,Hair clinic,Amritsar,"MK Complex, 15-16-17-18, inside Medical Enclave, near trillium mall, Amritsar, Punjab 143001, India",095017 46844,http://www.rootshairclinic.com/,https://maps.google.com/?cid=4169203582364222280,4.7,140,Yes,Low Priority,Already has website
"Dr. Tanreet’s Skin, Hair and Laser Centre in Amritsar",Hair clinic,Amritsar,"Dr Tanreet Skin Hair laser centre, Majitha Rd, opposite Kotak Mahindra Bank, Medical Enclave, Amritsar, Punjab 143001, India",095929 30083,https://drtanreetskincentre.in/,https://maps.google.com/?cid=16471382878450042785,4.9,499,Yes,Low Priority,Already has website
Dr Gupta Hair Transplant Centre,Hair clinic,Amritsar,"SCO 90, District Shopping Centre, Gumtala Sub Urban, B - Block, Ranjit Avenue, Amritsar, Punjab 143001, India",082838 30831,http://www.hairtransplantinamritsar.com/,https://maps.google.com/?cid=7743833479195666719,4.8,268,Yes,Low Priority,Already has website
PHYSIOTHERAPY BY DIVYA MEHRA,Physiotherapist,Amritsar,"416/4 main bazar, Batala Rd, near Bright Day Public School, Tandon Nagar, Paris Town, Amritsar, Punjab 143001, India",070099 71692,https://m.facebook.com/PhysiotherapyWithDivyaMehra/,https://maps.google.com/?cid=9566507043716344582,4.9,260,Yes,Low Priority,Already has website
Dr. Neha Physiotherapy Centre With 15 Year Experience,Physiotherapist,Amritsar,"Lawrence Plaza, 4-5, Lawrence Road, opp. selection point, Maharaja Ranjit Singh Nagar, Joshi Colony, Amritsar, Punjab 143001, India",097817 41789,,https://maps.google.com/?cid=9885669705307969976,5,170,No,Top Priority,"No website, high reviews"
𝗗𝗿 𝗔𝗣 𝗦𝗶𝗻𝗴𝗵 𝗟𝗮𝘀𝗲𝗿 𝗣𝗘𝗠𝗙 𝗔𝗻𝗱 𝗣𝗵𝘆𝘀𝗶𝗼𝘁𝗵𝗲𝗿𝗮𝗽𝘆 𝗖𝗲𝗻𝘁𝗿𝗲(Best physiotherapy centre in Amritsar),Physiotherapist,Amritsar,"sco 20 great enclave GT road, Taranwala Pul Flyover, Baba Phoola Singh, Amritsar, Amritsar Cantt., Punjab 143001, India",098156 11552,,https://maps.google.com/?cid=12810407142802821064,5,76,No,Top Priority,"No website, high reviews"
Dr Navtej Singh (PT) - Best Physiotherapist in Amritsar,Physiotherapist,Amritsar,"5, Maqbool Rd, near Anand Avenue, Green Avenue, Amritsar, Punjab 143001, India",095691 87070,https://sukhsagarhospital.in/visiting-consultant,https://maps.google.com/?cid=7967769158223216393,4.9,46,Yes,Low Priority,Already has website
Apollo Physiotherapy & Rehabilation Center,Physiotherapist,Amritsar,"1/13, Ajnala Rd, opposite S S P Vigilance office District Court, near Kitchlu Chowk, A - Block, Ranjit Avenue, Amritsar, Punjab 143001, India",094170 11325,http://www.apollophysio.in/,https://maps.google.com/?cid=8420544650695104416,4.9,194,Yes,Low Priority,Already has website
Nijjar Scans and Diagnostic Centre Pvt. Ltd.,Diagnostic lab,Amritsar,"51, 1, Court Rd, opp. Church, near G.P.O, Kennedy Avenue, Amritsar, Punjab 143001, India",0183 221 2433,,https://maps.google.com/?cid=13423590666069145332,3.8,529,No,Top Priority,"No website, high reviews"
Dr Gill Path Labs - Diagnostic Lab | Pathology in Amritsar,Diagnostic lab,Amritsar,"98, Gumtala Sub Urban, Sector 4, Ranjit Avenue, Amritsar, Punjab 143001, India",098145 09838,,https://maps.google.com/?cid=11036543024537417846,4.2,60,No,Top Priority,"No website, high reviews"
DM Diagnostic Centre,Diagnostic lab,Amritsar,"Majitha Rd, near govt eye & ent hospital, Sehaj Avenue, Amritsar, Punjab 143001, India",062396 16185,,https://maps.google.com/?cid=9320805960671707409,4.4,545,No,Top Priority,"No website, high reviews"
Tuli Diagnostic Centre,Diagnostic lab,Amritsar,"Majitha Rd, opposite G.N.D. Hospital, Opposite Guru Nanak Hospital, Gopal Nagar, Amritsar, Punjab 143001, India",0183 242 4914,https://www.tulilabs.in/,https://maps.google.com/?cid=4207789936789251744,4.8,3323,Yes,Low Priority,Already has website
Dr. T Bhasin Path Labs & Ultrasound,Diagnostic lab,Amritsar,"97,98, Sco No. 96, Gumtala Sub Urban, A - Block, Ranjit Avenue, Amritsar, Punjab 143001, India",097816 13287,http://www.drbhasinpathlabs.com/,https://maps.google.com/?cid=6301162386842356,4.4,466,Yes,Low Priority,Already has website
Dr. Daljit Singh Eye Hospital Amritsar,Eye clinic,Amritsar,"No.1, Radha Soami Road, Majitha Road Chowk Opposite Nirmal Swamy Satsung, near Ram Aashram School, Sehaj Avenue, Amritsar, Punjab 143001, India",095010 30888,http://daljiteye.com/,https://maps.google.com/?cid=12417150383441392776,4.8,2265,Yes,Low Priority,Already has website
ASG Eye Hospital,Eye clinic,Amritsar,"Plot No 3, Mukut House, Mall Rd, opp. Company Bagh, Maharaja Ranjit Singh Nagar, Joshi Colony, Amritsar, Punjab 143001, India",0674 617 2345,https://asgeyehospital.com/hospital/company-bagh-amritsar,https://maps.google.com/?cid=6822010588357421508,4.9,1233,Yes,Low Priority,Already has website
Dr. Om Parkash Eye Institute,Eye clinic,Amritsar,"The Mall, 117-A, White Avenue, Amritsar, Punjab 143001, India",098555 99979,https://www.dromparkash.com/,https://maps.google.com/?cid=6112215985566194314,4.9,8584,Yes,Low Priority,Already has website
Amritsar Eye Hospital,Eye clinic,Amritsar,"Grand Trunk Rd, near Valmiki Chowk, opposite Railway Workshop, Itahad Nagar, Amritsar, Punjab 143001, India",0183 225 6361,http://www.amritsareyehospital.com/,https://maps.google.com/?cid=13362801872492084055,4.2,152,Yes,Low Priority,Already has website
Jai Kamal Eye Hospital,Eye clinic,Amritsar,"JRH5+Q3X, E9/40, Grand Trunk Rd, opp. Sandhu Colony, Modern Colony, Modren Colony, Chheharta, Amritsar, Punjab 143105, India",095696 28725,https://www.jaikamaleyehospital.com/,https://maps.google.com/?cid=18117575976797735401,4.9,933,Yes,Low Priority,Already has website
Dr. Avtar Singh,Orthopedic clinic,Amritsar,"Grand Trunk Rd, Model Town, Rani Ka Bagh, Mohindra Colony, Amritsar, Punjab 143001, India",075270 00036,http://dravtarsingh.com/,https://maps.google.com/?cid=17056757946654692703,4.9,1051,Yes,Low Priority,Already has website
"Hargun Hospital- Top Orthopedic Hospital & Surgeon In Amritsar- best Hip, Joint & Knee Replacement Hospital in Amritsar",Orthopedic clinic,Amritsar,"Batala - Amritsar Rd, HARGUN HOSPITAL, Khanna Nagar, Amritsar, Punjab 143001, India",0183 257 9001,http://www.hargunhospital.com/,https://maps.google.com/?cid=13623152190935173825,4.7,408,Yes,Low Priority,Already has website
"Amandeep Hospital, Amritsar, Punjab",Orthopedic clinic,Amritsar,"Grand Trunk Rd, Model Town, Rani Ka Bagh, Mohindra Colony, Amritsar, Punjab 143001, India",075270 00036,https://amandeephospital.org/our-hospitals/amandeep-hospital-punjab/,https://maps.google.com/?cid=13969663233120316560,4.6,3749,Yes,Low Priority,Already has website
"Dr SUMIT MAHAJAN | BEST ORTHOPAEDICS - JOINT REPLACEMENT, SPORTS INJURIES & LONGEVITY EXPERT",Orthopedic clinic,Amritsar,"36,Holy City Pearl 2nd left 2nd rt corner, House From, main gate, Guru Amardas Avenue, Amritsar, Mahal Sub Urban, Punjab 143001, India",088725 35041,http://www.drsumitmahajan.in/,https://maps.google.com/?cid=15915743323555196307,4.9,245,Yes,Low Priority,Already has website
Apollo Cradle & Children's Hospital - Best Child & Maternity Hospital | Amritsar,Gynecologist,Amritsar,"JVP9+92M, INA Colony, Amritsar, Punjab 143001, India",098216 56657,https://www.apollocradle.com/amritsar/abadi-court-road/our-hospitals/maternity-hospital-in-amritsar,https://maps.google.com/?cid=14205208953774249750,4.8,3042,Yes,Low Priority,Already has website
Dr Seema Sharma - Best Obstetrician-Gynecologist in Amritsar,Gynecologist,Amritsar,"Apollo Cradle, Naushera House, Court Rd, INA Colony, Amritsar, Punjab 143001, India",1860 500 1066,https://www.apolloclinic.com/,https://maps.google.com/?cid=14163623441855395356,4.6,79,Yes,Low Priority,Already has website
Jai Kamal Hospital - Dr. Jasbir Kaur,Gynecologist,Amritsar,"Grand Trunk Rd, opp. Sandhu Colony, Modren Colony, Chheharta, Amritsar, Punjab 143105, India",088376 67675,https://drjasbirkaur.getmy.clinic/?utm_source=gmb&utm_medium=web&utm_campaign=tu,https://maps.google.com/?cid=371957063091205642,5,330,Yes,Low Priority,Already has website
"✅𝗗𝗿 𝗛𝗮𝘀𝘁𝗮 𝗡𝗶𝘁𝗶𝗻 𝗞𝘂𝘀𝗵𝘁𝗲 - Gynecologist, Pcod Specialist, Fibroid Specialist",Gynecologist,Amritsar,"1st left then 1st right, Main gate 76, Holy avenue, Holy City, Guru Amardas Avenue, Amritsar, Mahal Sub Urban, Punjab 143008, India",089685 55422,https://www.drhastanitinkushte.com/,https://maps.google.com/?cid=9350456301020704528,4.9,173,Yes,Low Priority,Already has website
DR. SKY DENTISTRY (Dr. Gagandeep S Gauba's),Dentist,Jalandhar,"320, near, Nakodar Chowk, Shastri Nagar, Lajpat Nagar, Jalandhar, Punjab 144001, India",077176 42334,https://www.facebook.com/dr.sky.dentistry,https://maps.google.com/?cid=13922704092841838269,5,1479,Yes,Low Priority,Already has website
"JAIN DENTAL CLINIC, Adarsh Nagar Jalandhar",Dentist,Jalandhar,"386 - A, near hotel Basant, Krishna Nagar, Adarsh Nagar, Jalandhar, Punjab 144008, India",098140 02766,http://www.dentalclinicpunjab.com/,https://maps.google.com/?cid=10627648088898114383,4.9,2251,Yes,Low Priority,Already has website
✅ 𝗔𝗱𝘃𝗮𝗻𝗰𝗲𝗱 𝗗𝗲𝗻𝘁𝗮𝗹 𝗛𝘂𝗯 - Implant Centre/Root Canal Specialist/Dentist/Braces Specialist/Best Dental Clinic in Jalandhar,Dentist,Jalandhar,"Abhay Plaza, 45/1, near Johal Market, Waryam Nagar, Jyoti Nagar, Jalandhar, Punjab 144001, India",097800 20318,http://www.advanceddentalhub.com/,https://maps.google.com/?cid=13033158347448592385,4.9,322,Yes,Low Priority,Already has website
"Clove Dental Clinic - Model Town, Punjab",Dentist,Jalandhar,"above Westside, Model Town, Jalandhar, Punjab 144001, India",095992 16884,https://clovedental.in/dentist-near-me/jalandhar/model-town-3?utm_source=website&utm_medium=gmb&utm_campaign=Jalandhar_Model_Town_GMB_Punjab,https://maps.google.com/?cid=9569875112983915822,4.9,1045,Yes,Low Priority,Already has website
Dr. Sabharwal's Tooth Clinic - Best Dentist in Jalandhar,Dentist,Jalandhar,"368, opposite doordarshan kendra, Ajit Nagar, Shaheed Udham Singh Nagar, Jalandhar, Punjab 144001, India",084270 33997,http://www.thetoothclinic.com/,https://maps.google.com/?cid=11752212266691549069,5,349,Yes,Low Priority,Already has website
SARA Skin & Laser Clinic,Skin clinic,Jalandhar,"180, Model Town Rd, opposite Sewa Kendra, Model Town, Jalandhar, Punjab 144001, India",095011 03882,,https://maps.google.com/?cid=8177815783341692654,4.9,549,No,Top Priority,"No website, high reviews"
"Best Laser Skin Specialist in Jalandhar, ( Dr. Shivani's Skin Clinic ), Dermatologist in Jalandhar",Skin clinic,Jalandhar,"135, Guru Teg Bahadur Nagar, GTB Nagar, Jalandhar, Punjab 144001, India",083907 01124,https://drshivanisaini.in/,https://maps.google.com/?cid=14240615736920702235,4.7,152,Yes,Low Priority,Already has website
Dr Aneja,Skin clinic,Jalandhar,"324-A, near Guru Gobind Singh Stadium, New Jawahar Nagar, Jawahar Nagar, Jalandhar, Punjab 144001, India",095012 21919,http://www.anejaskincare.com/,https://maps.google.com/?cid=12308867865856476590,4.8,639,Yes,Low Priority,Already has website
Dermagique Studio,Skin clinic,Jalandhar,"3rd Floor, Block F, Patel Hospital, Civil Line, Jalandhar, Punjab 144001, India",0181 524 1231,http://dermagique.studio/,https://maps.google.com/?cid=2157589316604216103,4.9,1733,Yes,Low Priority,Already has website
Kaya Clinic,Skin clinic,Jalandhar,"First Floor, No 188A, opposite Nikku Park Road, Model Town, Jalandhar, Punjab 144001, India",086575 69361,https://clinics.kaya.in/near-me/jalandhar/Model-Town/kaya-skin-hair-clinic-in-Model-Town-jalandhar--2ZQtbA/home,https://maps.google.com/?cid=7343656442510809427,4.8,759,Yes,Low Priority,Already has website
Unique Hair Transplant Clinic,Hair clinic,Jalandhar,"322 A, Sodal Rd, near Sehgal Jewllers, Preet Nagar, Shiv Nagar, Industrial Area, Jalandhar, Punjab 144008, India",099884 76611,https://uhairtransplant.in/,https://maps.google.com/?cid=2852312013267990702,4.9,556,Yes,Low Priority,Already has website
Hair and Skin Care Jalandhar,Hair clinic,Jalandhar,"Shop no 1 & 2, near taj food world, IsharPuri Colony, Urban Estate phase II, Jalandhar, Punjab 144005, India",090547 13013,https://hscjalandhar.com/,https://maps.google.com/?cid=5698448923579549516,5,113,Yes,Low Priority,Already has website
"✅ ASG Hair Transplant Jalandhar - Hair Loss, Hair Fall & PRP Treatment in Jalandhar | Best Hair Transplant in Jalandhar",Hair clinic,Jalandhar,"422-A, Cool Road, Mota Singh Nagar, Jalandhar, Punjab 144001, India",099151 23505,https://asghairtransplant.com/,https://maps.google.com/?cid=14619306390272790002,4.6,143,Yes,Low Priority,Already has website
Best Hair Transplant Clinic in Jalandhar - Dr. Manjot's Clinic,Hair clinic,Jalandhar,"No.400-R, First Floor, Market, above Currents Apple Store, Model Town, Jalandhar, Punjab 144001, India",098887 08709,https://drmanjot.com/,https://maps.google.com/?cid=13558277625572544126,4.6,111,Yes,Low Priority,Already has website
Revitalize Studios - Hair Transplant & Aesthetic Clinic Jalandhar,Hair clinic,Jalandhar,"727 - A, 727, near Vardan IVF centre, Mota Singh Nagar, Jalandhar, Punjab 144001, India",090417 85999,http://www.revitalizehairtransplantindia.com/,https://maps.google.com/?cid=11780378547659511069,5,270,Yes,Low Priority,Already has website
Saini Physiotherapy Child Development and Autism Center,Physiotherapist,Jalandhar,"77, Wazir Singh Enclave, Ladhewali, Jalandhar, Punjab 144007, India",094638 34699,https://sainiphysios.com/,https://maps.google.com/?cid=4653132477555058556,5,318,Yes,Low Priority,Already has website
Gurjot Spinal rehab & Physiotherapy- Stroke/Spinal cord injury treatment/Head injury/cerebral palsy in Jalandhar,Physiotherapist,Jalandhar,"SCO 100, opp. Indian oil petrol pump, Phase 2, Urban Estate phase II, Jalandhar, Punjab 144005, India",085680 14662,http://gurjotspinalrehab.in/,https://maps.google.com/?cid=12632158373499121687,4.9,81,Yes,Low Priority,Already has website
"Recure chiropractic, osteopathy and Advance physiotherapy clinic - Spine Specialist in Jalandhar",Physiotherapist,Jalandhar,"648, karol Bagh Rd, Karol Bagh, Kot Ram Dass, Ladhewali, Jalandhar, Punjab 144001, India",078884 24677,,https://maps.google.com/?cid=157059347855703235,5,194,No,Top Priority,"No website, high reviews"
Sukoon Physical Therapy (Physiotherapy Clinic)| Physiotherapy in Jalandhar,Physiotherapist,Jalandhar,"255, Shaheed Udham Singh Nagar, Jalandhar, Punjab 144001, India",095307 66255,https://sukoonphysicaltherapy.com/products/,https://maps.google.com/?cid=16279392199565975490,4.5,219,Yes,Low Priority,Already has website
UR Physio Physiotherapy & Rehab Clinic,Physiotherapist,Jalandhar,"SCO 117, chowk, near lights, Phase 2, Urban Estate phase II, Jalandhar, Punjab 144022, India",099886 25141,https://www.urphysio.co.in/,https://maps.google.com/?cid=6058452870793427560,4.9,93,Yes,Low Priority,Already has website
Assure Pathlabs,Diagnostic lab,Jalandhar,"77, Urban Estate Phase 2 Rd, Phase 2, Urban Estate phase II, Jalandhar, Punjab 144005, India",0181 466 7555,https://www.assurepathlabs.com/,https://maps.google.com/?cid=8671313213495104613,4.8,445,Yes,Low Priority,Already has website
Alfa Imaging & Diagnostic Lab,Diagnostic lab,Jalandhar,"421, Mahavir Marg, adjoining PNB Bank, opp. satyam hospital, Adarsh Nagar, Jalandhar, Punjab 144001, India",062802 79272,https://alfaimaginganddiagnostics.com/,https://maps.google.com/?cid=18320331245492106291,4.9,1156,Yes,Low Priority,Already has website
"Synergy Lab Jalandhar - Best Pathlab in Jalandhar, Liver Test, Tyhroid Test, Lipid Profile Test in Jalandhar",Diagnostic lab,Jalandhar,"663, Guru Teg Bahadur Nagar Rd, near Shri Guru Ravidass Chowk, Guru Teg Bahadur Nagar, GTB Nagar, Jalandhar, Punjab 144003, India",0181 246 3300,http://www.synergypathlab.com/,https://maps.google.com/?cid=6696040723307762358,4.7,50,Yes,Low Priority,Already has website
Dr Lal PathLabs - Patient Service Centre,Diagnostic lab,Jalandhar,"1200/1201, Nakodar Chowk, opposite City Centre Garden, Ajit Nagar, Shaheed Udham Singh Nagar, Jalandhar, Punjab 144001, India",08071 893 103,https://labs.lalpathlabs.com/dr-lal-pathlabs-patient-service-centre-diagnostic-centre-ajit-nagar-jalandhar-288941/Home?utm_source=locator&utm_medium=googleplaces,https://maps.google.com/?cid=16237081644203449900,5,1154,Yes,Low Priority,Already has website
"Metropolis Labs | Blood Test & Diagnostic Centre in Model Town, Jalandhar",Diagnostic lab,Jalandhar,"No 711R, Mall Rd, near Thind Eye Hospital, Model Town, Jalandhar, Punjab 144001, India",011 4474 0080,https://www.metropolisindia.com/lab/diagnostic-centre-in-model-town-near-thind-eye-hospital-jalandhar,https://maps.google.com/?cid=9170946650193378005,4.8,190,Yes,Low Priority,Already has website
Thind Eye Hospital,Eye clinic,Jalandhar,"701, Mall Rd, Abadpura, Model Town, N M Town, Jalandhar, Punjab 144001, India",088720 70004,http://www.thindeyehospital.org/,https://maps.google.com/?cid=12501957817218716386,4.6,2211,Yes,Low Priority,Already has website
Arora Eye Hospital and Retina Centre,Eye clinic,Jalandhar,"7A, Lajpat Nagar, Jalandhar, N M Town, Punjab 144001, India",099155 95940,https://aroraeyehospital.com/,https://maps.google.com/?cid=5820979627173430486,4.9,1426,Yes,Low Priority,Already has website
Duggal eye hospital Jalandhar,Eye clinic,Jalandhar,"Kishanpura chowk, Laxmi Pura, Jalandhar, Punjab 144008, India",078883 52706,http://www.duggaleyehospital.com/,https://maps.google.com/?cid=2602393000764181067,4.9,1756,Yes,Low Priority,Already has website
Akal Eye Hospital,Eye clinic,Jalandhar,"606-R, Mall Road Model Town, near Guru Teg Bahadur, Abadpura, Chowk, Jalandhar, Punjab 144001, India",073550 10101,https://www.akaleyehospital.com/,https://maps.google.com/?cid=11169827098385378808,4.7,799,Yes,Low Priority,Already has website
✅National eye care | Best eye specialist | cataract surgery | glaucoma surgery | Best eye surgeon in jalandhar,Eye clinic,Jalandhar,"National eye care hosital Adjoint Axis Bank, Kapurthala Rd, near sports college, Hardev Nagar, Jalandhar, Punjab 144002, India",099885 88831,http://nationaleyecarehospital.com/,https://maps.google.com/?cid=13935836915542376897,4.8,131,Yes,Low Priority,Already has website
Orthonova Hospital,Orthopedic clinic,Jalandhar,"Nari Niketan, Near, Jalandhar - Nakodar Rd, Malind Nagar, Model Town, Jalandhar, Punjab 144001, India",078143 89446,http://www.orthonova.in/,https://maps.google.com/?cid=170547139672885245,4.8,2698,Yes,Low Priority,Already has website
Dr Harprit Singh,Orthopedic clinic,Jalandhar,"Nakodar Road, Malind Nagar, Avtar Nagar, Jalandhar, Punjab 144001, India",098146 44646,https://www.orthonova.in/,https://maps.google.com/?cid=5263332838862804359,4.9,457,Yes,Low Priority,Already has website
"Guardian Hospital, orthopedic Surgeon in jalandhar, Best Ortho Doctor in jalandhar,",Orthopedic clinic,Jalandhar,"1, Link Road, Abadpura, Guru Amardas Chowk, Jalandhar, N M Town, Punjab 144001, India",098761 88088,http://www.drsanjivguardianhospital.com/,https://maps.google.com/?cid=2717862765280246798,4.7,954,Yes,Low Priority,Already has website
"Ganga Orthocare Hospital : ortho care hospital in jalandhar | specialist in joint, Hip, knee replacement surgery",Orthopedic clinic,Jalandhar,"above canara bank, Near Football Chowk, Adarsh Nagar, Jalandhar, Punjab 144001, India",0181 415 6415,http://gangaorthocare.in/,https://maps.google.com/?cid=12344407443339321104,4.7,560,Yes,Low Priority,Already has website
Hp Orthocare Hospital : orthopedic hospital in jalandhar | specialist in robotic knee replacement surgery,Orthopedic clinic,Jalandhar,"KMV Marg, B D A Enclave, Santokh Pura, Jalandhar, Nurpur, Punjab 144008, India",098144 18335,https://hporthocare.com/,https://maps.google.com/?cid=5148044998537678629,4.8,1029,Yes,Low Priority,Already has website
Dr. Gurpreet Kaur - Best Gynecologist in Jalandhar,Gynecologist,Jalandhar,"29, Link Road, inside Dr. Shangara Singh Hospital, Abadpura, Model Town, Jalandhar, Punjab 144601, India",099157 92797,https://drshangarasinghhospital.com/gynaecology-obstetrics/,https://maps.google.com/?cid=15236637558316428252,4.9,236,Yes,Low Priority,Already has website
"Dr Mandeep Kaur - Best IVF Specialist in Jalandhar | Star Fertility, IVF Centre in Jalandhar, Test Tube Baby Centre",Gynecologist,Jalandhar,"265, Near Guru Nanak Mission Chowk, Lajpat Nagar, Jalandhar, Punjab 144001, India",098886 58889,https://drmandeepkaur.com/,https://maps.google.com/?cid=16803468412500943004,4.9,677,Yes,Low Priority,Already has website
✅ Genesis Fertility Centre - Best IVF Centre in Jalandhar I Best IVF Hospital in Jalandhar I IVF Treatment in Jalandhar,Gynecologist,Jalandhar,"607 L, Mall Rd, Abadpura, Model Town, Jalandhar, Punjab 144003, India",093576 66666,http://www.genesisfertility.in/,https://maps.google.com/?cid=12222104752770564427,4.9,1565,Yes,Low Priority,Already has website
Dr. Jasmine Kaur,Gynecologist,Jalandhar,"NOVA IVF Fertility, 1A, JD Tower, Cool Road, New Jawahar Nagar, Jawahar Nagar, Jalandhar, Punjab 144001, India",098763 66229,https://www.drjasminekaur.com/,https://maps.google.com/?cid=7605899932805116387,5,868,Yes,Low Priority,Already has website
Smile Saviors Dental Clinic and Implant Centre,Dentist,Patiala,"First Floor Modi college, chowk, Lower Mall Rd, next to ICICI bank, New Lal Bagh Colony, Patiala, Punjab 147001, India",094636 67664,,https://maps.google.com/?cid=12668526685316785444,5,1290,No,Top Priority,"No website, high reviews"
Dr. Bansal’s Dental Care,Dentist,Patiala,"SCF 32, opposite Gurudwara Baba Singh Sabha, SST Nagar, Patiala, Punjab 147003, India",073077 67779,http://drbansaldentalcare.bio.link/,https://maps.google.com/?cid=18232728435119157202,5,197,Yes,Low Priority,Already has website
Naresh Dental Clinic and Implant Center,Dentist,Patiala,"Naresh Dental Clinic, Street No. 4, near Gauri-Shankar Temple, Old Bishan Nagar, Gurbax Colony, Patiala, Punjab 147003, India",098144 55657,,https://maps.google.com/?cid=5841956665197768712,4.9,577,No,Top Priority,"No website, high reviews"
Dr. Gurpartap Singh Dental Clinic And Implant Center,Dentist,Patiala,"anardana chownk, near Master Tara Singh Park, Jourian Bhatian, Patiala, Punjab 147001, India",094649 49049,http://wa.me/919464949049,https://maps.google.com/?cid=5203303852038706252,5,121,Yes,Low Priority,Already has website
GH Derma Centre,Skin clinic,Patiala,"Shopping Complex, 39-43, Tripuri, Patiala, Punjab 147004, India",099146 97000,https://www.ghderma.com/,https://maps.google.com/?cid=14622123487585888268,4.9,1540,Yes,Low Priority,Already has website
𝗚𝗮𝗿𝗴 𝗦𝗸𝗶𝗻 & 𝗩𝗗 𝗖𝗹𝗶𝗻𝗶𝗰 - Best Dermatologist in Patiala | Skin Specialist | Laser Treatment| Male and Female Sexual Problems,Skin clinic,Patiala,"Baradari, Patiala, Punjab 147001, India",097809 10510,http://gargskin.in/,https://maps.google.com/?cid=12830216409308122081,4.3,228,Yes,Low Priority,Already has website
Dr. Pandhi's Skin Clinic & Aesthetic Centre,Skin clinic,Patiala,"Rapid Laboratory, Bhadson Rd, Prem Nagar, Patiala, Punjab 147004, India",088020 00006,,https://maps.google.com/?cid=15986270636521401220,4.6,98,No,Top Priority,"No website, high reviews"
One Skin Clinic,Skin clinic,Patiala,"153, Gian Colony, Sewak Colony, Patiala, Punjab 147004, India",098150 02001,,https://maps.google.com/?cid=6336599434803584102,4.8,182,No,Top Priority,"No website, high reviews"
GH Derma Centre,Hair clinic,Patiala,"Shopping Complex, 39-43, Tripuri, Patiala, Punjab 147004, India",099146 97000,https://www.ghderma.com/,https://maps.google.com/?cid=14622123487585888268,4.9,1540,Yes,Low Priority,Already has website
Clinic Reborn,Hair clinic,Patiala,"opp. Income Tax Office Road, Patiala, Punjab 147001, India",098883 05302,http://www.clinicreborn.in/,https://maps.google.com/?cid=13037612806336918945,4.6,118,Yes,Low Priority,Already has website
Hair Transplant Clinic in Patiala - Hair Doctors,Hair clinic,Patiala,"A 12, Ranbir Marg, Model Town, Patiala, Punjab 147001, India",070875 55556,https://www.hairdoctors.in/hair-transplant-patiala/,https://maps.google.com/?cid=5843759160008222614,5,3,Yes,Low Priority,Already has website
Headmasters Salon Patiala | Best Salon In Patiala | Best Makeup Artist In Patiala,Hair clinic,Patiala,"2nd Floor, SCO-26-A, Bhupindra Rd, above Malabar Jewellers, Patiala, Punjab 147004, India",099151 77772,https://headmasters.in/salon/best-salon-in-patiala-headmasters/,https://maps.google.com/?cid=6739153920054891974,4.7,2715,Yes,Low Priority,Already has website
"Midas Physiotherapy, Osteopathy & Rehabilitation Centre",Physiotherapist,Patiala,"Ground floor , Shop no 1, GURU RAM DAS NAGAR, Tripuri Rd, beside Shri Guru Teg Bahadur Public School, Dashmesh Nagar, Patiala, Punjab 147001, India",095924 62537,https://www.midasphysiotherapy.com/,https://maps.google.com/?cid=6769133519957127492,4.9,218,Yes,Low Priority,Already has website
PARC PHYSIOTHERAPY,Physiotherapist,Patiala,"Lower Mall Rd, Ragho Majra, Chourasta, Patiala, Punjab 147001, India",081466 61283,https://www.parcphysiotherapy.com/,https://maps.google.com/?cid=13166581596486530365,4.9,166,Yes,Low Priority,Already has website
Gurukul Chiropractor Physiotherapy,Physiotherapist,Patiala,"7, Street No-8 Jhill Road, Saheed Udham Singh Nagar, Tripuri, Patiala, Punjab 147004, India",078891 05007,https://jsdl.in/DT-99SZ3D81U71,https://maps.google.com/?cid=9284930504292216005,4.9,120,Yes,Low Priority,Already has website
Dr. Jaspreet Kaur MPT Neuro-Physiotherapist,Physiotherapist,Patiala,"CARE MULTISPECIALITY CENTRE, 1, Income Tax Office Rd, Bank Colony, Patiala, Punjab 147001, India",081465 24468,,https://maps.google.com/?cid=15209869645132584424,4.9,62,No,Top Priority,"No website, high reviews"
General williams,Physiotherapist,Patiala,"61, Lower Mall, Patiala, Punjab 147001, India",070093 16162,,https://maps.google.com/?cid=3190211357416673269,5,83,No,Top Priority,"No website, high reviews"
Reliable Diagnostic Laboratory - Diagnostic Centre | Path Lab,Diagnostic lab,Patiala,"Sanouri Gate, Adalat Bazar, Patiala, Punjab 147001, India",094176 80212,,https://maps.google.com/?cid=16501851314260415181,5,351,No,Top Priority,"No website, high reviews"
ESS ELL Diagnostic Centre | PATIALA | MRI & CT,Diagnostic lab,Patiala,"opposite State Bank of India, near Income Tax Office, Bank Colony, Patiala, Punjab 147001, India",078376 09329,http://www.esselldiagnostics.com/,https://maps.google.com/?cid=6529394232781688015,4,212,Yes,Low Priority,Already has website
Veda diagnostics & Intervention centre | Ultrasound | X-Ray | Laboratory | Fetal Medicine | Best Ultrasound Centre in Patiala,Diagnostic lab,Patiala,"22, Income Tax Office Rd, Leela Bhawan, Bank Colony, Patiala, Punjab 147001, India",099155 41158,,https://maps.google.com/?cid=2251707216927908648,5,939,No,Top Priority,"No website, high reviews"
Krsnaa Diagnostics | Blood Test & Diagnostic Centre in Patiala,Diagnostic lab,Patiala,"Mata Kaushlya Hospital, near Bus Stand, Lahori Gate, Patiala, Punjab 147001, India",096233 96233,https://krsnaadiagnostics.com/,https://maps.google.com/?cid=13615564887237661711,4.9,1979,Yes,Low Priority,Already has website
Advanced Diagnostics,Diagnostic lab,Patiala,"The Mall, 1-E, opposite Polo Ground, New Lal Bagh Colony, Patiala, Punjab 147001, India",097798 14510,,https://maps.google.com/?cid=5002093342908914711,5,80,No,Top Priority,"No website, high reviews"
Global Eye Hospital – Best Eye Hospital in Patiala – Dr. Manpreet Singh,Eye clinic,Patiala,"SCF-36, Rajpura Rd, opp. Gurudwara Singh Sabha, SST Nagar, Patiala, Punjab 147003, India",099886 61075,https://www.drmanpreetglobaleyehospital.com/,https://maps.google.com/?cid=11468927968879376917,4.9,3172,Yes,Low Priority,Already has website
Garg Eye Hospital | Best LASIK Laser Eye Surgery | Best Cataract Surgery | Patiala,Eye clinic,Patiala,"Passy Rd, near GURUDWARA DUKHNIWARAN SAHIB, near samsung plaza, Charan Bagh, Patiala, Punjab 147001, India",098554 91500,https://www.gargeyehospital.com/,https://maps.google.com/?cid=9111005216238964148,5,1199,Yes,Low Priority,Already has website
NETRA PRAKASH EYE CENTRE - Best Eye Hospital in Patiala |Best cornea Surgeon | Best cataract surgery | Best Lasik Surgeon,Eye clinic,Patiala,"Gurudwara Dukh Niwaran Sahib, Railway Station Road, Factory Area, Upkar Nagar, Patiala, Punjab 147003, India",077197 24344,https://netraprakasheyecentre.com/,https://maps.google.com/?cid=6452722168730562906,4.9,789,Yes,Low Priority,Already has website
Patiala Eye Hospital & Lasik Laser Centre,Eye clinic,Patiala,"sco 49, near గోపాల్ స్వీట్స్, Leela Bhawan, Bank Colony, Patiala, Punjab 147001, India",0175 221 3513,http://www.patialaeyehospital.com/,https://maps.google.com/?cid=11729057787823243428,4.3,38,Yes,Low Priority,Already has website
LJ Eye Institute - Patiala | Best Cataract Surgery in Patiala | Contoura Vision Surgery In Patiala | Cornea Transplant Centre,Eye clinic,Patiala,"35, near Amar Hospital, Bank Colony, Patiala, Punjab 147001, India",098880 25625,https://ljeyeinstitutepatiala.com/,https://maps.google.com/?cid=4535916591670480414,4.9,921,Yes,Low Priority,Already has website
Dr. Bharat Singla-Knee Replacement/Back Pain/Ortho Doctor /Best Doctor for Knee Pain in Patiala,Orthopedic clinic,Patiala,"21 No. Flyover, Rajbaha Rd, near Gurudwara Dukhniwaran Sahib, Sewak Colony, Patiala, Punjab 147001, India",088378 48585,,https://maps.google.com/?cid=15897191459400805217,4.9,140,No,Top Priority,"No website, high reviews"
𝗗𝗿. 𝗥.𝘀 𝗡𝗮𝗴𝗽𝗮𝗹 - Ortho/Knee Replacement/Rheumatoid logist/Best Orthopedic Doctor/Trauma Fracture Surgery/Spine,Orthopedic clinic,Patiala,"Amar Hospital, near Leela Bhawan, Bank Colony, Patiala, Punjab 147001, India",098158 41509,,https://maps.google.com/?cid=7750316541354973675,5,58,No,Top Priority,"No website, high reviews"
Dr Gaurav Bathla,Orthopedic clinic,Patiala,"Health Square Clinic, Bhasha Bhawan Rd, near Liberty Showroom, Sheran Wala Gate, Patiala, Punjab 147001, India",099148 86421,,https://maps.google.com/?cid=4862825515313422031,5,272,No,Top Priority,"No website, high reviews"
Dr. Vishav Goyal | Best Orthopaedic Surgeon in Patiala,Orthopedic clinic,Patiala,"Room No. 18, Bhupindra Road, 22 No, Phatak Rd, Shri Niwas Colony, Charan Bagh, Patiala, Punjab 147001, India",1800 102 4647,https://www.manipalhospitals.com/patiala/doctors/dr-vishav-goyal-consultant-orthopedics-joint-replacement-arthroscopic-surgery/?utm_source=GMB&utm_medium=dr-vishav-goyal-consultant-orthopedics-joint-replacement-arthroscopic-surgery,https://maps.google.com/?cid=11175379375813312506,4.8,22,Yes,Low Priority,Already has website
"Dr Jaspreet Singh, Orthopedic Surgeon",Orthopedic clinic,Patiala,"42B, Model Town, Patiala, Punjab 147001, India",098154 14585,,https://maps.google.com/?cid=5017346958912965781,5,30,No,Top Priority,"No website, high reviews"
Dr. Preeti Jindal - Best Gynecologist / Infertility Centre / IVF Test Tube Baby Centre in Patiala,Gynecologist,Patiala,"Amar Hospital, OPD 24, First Floor, Income Tax Office Rd, Bank Colony, Patiala, Punjab 147001, India",078892 09762,,https://maps.google.com/?cid=10812478615079931055,5,279,No,Top Priority,"No website, high reviews"
Dr. Goldy | Best Obstetrician-gynecologist in Patiala,Gynecologist,Patiala,"Room No.12, Manipal Hospital Bhupindra Road, No, Phatak Rd, near 22, Shri Niwas Colony, Charan Bagh, Patiala, Punjab 147001, India",1800 102 4647,https://www.manipalhospitals.com/patiala/doctors/dr-goldy-kamboj-senior-consultant-obstetrics-and-gynecology/?utm_source=GMB&utm_medium=dr-goldy-kamboj-senior-consultant-obstetrics-and-gynecology,https://maps.google.com/?cid=4941356348756111372,4.9,95,Yes,Low Priority,Already has website
Kilkaari Maternity Clinic (Dr. Sambli Garg)- Best Obstetrician and Gynaecologist in Patiala| Best Infertility Specialist,Gynecologist,Patiala,"The Mall, 9, opposite Malwa Cinema, Yadvindra Colony,, Baradari, Patiala, Punjab 147001, India",076579 87206,https://drsambligarg.co.in/,https://maps.google.com/?cid=17371807995328318287,4.9,81,Yes,Low Priority,Already has website
Dr. Gurpreet Kaur Virk | Best Obstetrician-gynecologist in Patiala,Gynecologist,Patiala,"Room No.10, Manipal Hospital Bhupindra Road, No, Phatak Rd, near 22, Shri Niwas Colony, Charan Bagh, Patiala, Punjab 147001, India",1800 102 4647,https://www.manipalhospitals.com/patiala/doctors/dr-gurpreet-kaur-virk-senior-consultant-obstetrics-and-gynecology/?utm_source=GMB&utm_medium=dr-gurpreet-kaur-virk-senior-consultant-obstetrics-and-gynecology,https://maps.google.com/?cid=4816089401523803477,4.1,103,Yes,Low Priority,Already has website
Prime Multispeciality Hospital & Trauma Centre,Gynecologist,Patiala,"Badungar Rd, opposite Khalsa College Colony, Partap Nagar, Jai Jawan Colony, Patiala, Punjab 147001, India",078141 89995,http://primehospitalpatiala.com/,https://maps.google.com/?cid=12739016723325483451,4.7,920,Yes,Low Priority,Already has website
Tooth Care Dental Clinic Mohali - Best Dentist in Mohali,Dentist,Mohali,"House No - 664, Sports Complex, Sector - 69, Mohali, Sector 69, Sahibzada Ajit Singh Nagar, Punjab 160062, India",094648 95055,https://www.guptaclinic.in/best-dental-clinic-in-mohali/,https://maps.google.com/?cid=15118780212833592676,4.9,478,Yes,Low Priority,Already has website
Perfect Teeth Dental Clinic,Dentist,Mohali,"HOUSE NO. 846 GROUND FLOOR, Sector 70, Sahibzada Ajit Singh Nagar, Punjab 160071, India",098761 60546,https://tricitybestdental.in/?utm_source=GMB%20Profile&utm_medium=GMB_PROFILE&utm_campaign=GMB_PROFILE_cLICK221124&utm_term=GMBPROFILECLICK&utm_content=GMBPROFILECLICK,https://maps.google.com/?cid=18375451933621648832,4.9,1070,Yes,Low Priority,Already has website
"Clove Dental Clinic - Sector 68, Mohali, Chandigarh",Dentist,Mohali,"adjacent to Desi United, Sector 68, Sahibzada Ajit Singh Nagar, Punjab 160062, India",011 6927 1070,https://clovedental.in/dentist-near-me/mohali/sec-68?utm_source=website&utm_medium=gmb&utm_campaign=Mohali_Sec_68_GMB_Chandigarh,https://maps.google.com/?cid=14974468421364649602,4.9,680,Yes,Low Priority,Already has website
Dentistry By Dr Gurpreet Janda | Best Dental Clinic In Mohali For Dental Implants | Best Dentist | CBCT and OPG Centre,Dentist,Mohali,"4756, Sector 70, Sahibzada Ajit Singh Nagar, Punjab 160071, India",095012 44422,https://drgurpreetjandadentist.com/,https://maps.google.com/?cid=3388338885732108176,5,360,Yes,Low Priority,Already has website
Deep Dental Clinic and OPG Centre | NABH Accredited,Dentist,Mohali,"House Number 543, Sector 55, Phase 1, Sector 55, Sahibzada Ajit Singh Nagar, Punjab 160055, India",094649 64543,https://deepdentalclinics.com/,https://maps.google.com/?cid=9997645378241460470,4.9,433,Yes,Low Priority,Already has website
"Dr. Ramandeep Kaur | Dermatologist & Aesthetic Physician | Best Skin, Hair , Laser, Surgery Clinic | Chandigarh | Mohali",Skin clinic,Mohali,"FIRST FLOOR, Phase 10, SCF-18, Phase 10, Sector 64, Sahibzada Ajit Singh Nagar, Punjab 160062, India",079863 18198,https://drbhinderclinic.com/,https://maps.google.com/?cid=7308297198695858030,5,454,Yes,Low Priority,Already has website
Dr Naiya Bansal - Top Skin Specialist in Mohali,Skin clinic,Mohali,"3538, near Sahibzada Ajit Singh Nagar, Sector 69, Sahibzada Ajit Singh Nagar, Punjab 160062, India",090569 46555,https://vnclinics.com/,https://maps.google.com/?cid=17546206841953646852,4.9,125,Yes,Low Priority,Already has website
"Dr Geetika’s Skin & Cosmetic Surgery Clinic | Best Skin, Hair , Laser , Plastic Surgery Clinic | Mohali | Chandigarh",Skin clinic,Mohali,"Sco 31, 1st floor, Phase 10, Sector 64, Sahibzada Ajit Singh Nagar, Punjab 160062, India",099151 67078,http://www.skinandcosmeticsurgery.com/,https://maps.google.com/?cid=15960209530038538070,4.6,421,Yes,Low Priority,Already has website
"Dr. Walia's Skin, Laser & Hair Transplant Clinic",Skin clinic,Mohali,"HM-127, Mohali Stadium Rd, Phase 3B-1, Sector 60, Sahibzada Ajit Singh Nagar, Punjab 160055, India",092572 21456,https://drwalias.com/,https://maps.google.com/?cid=10060937943123117930,4.4,666,Yes,Low Priority,Already has website
Ziva Skin Clinic,Skin clinic,Mohali,"House no 142, near sports complex, Sector 78, Sahibzada Ajit Singh Nagar, Punjab 140308, India",070870 00365,http://zivaskinclinic.com/,https://maps.google.com/?cid=15262410605611281406,4.7,261,Yes,Low Priority,Already has website
Derma Clinique,Hair clinic,Mohali,"H .No, 246, Sector 80, Sahibzada Ajit Singh Nagar, Punjab 140308, India",075268 25396,https://dermaclinique.in/,https://maps.google.com/?cid=1819654209253445661,4.9,523,Yes,Low Priority,Already has website
Recover Roots Hair & Skin Clinic,Hair clinic,Mohali,"central point, Sco.278, Sector 118, Tdi city, Sahibzada Ajit Singh Nagar, Punjab 160055, India",081949 60800,https://recoverrootsclinic.com/,https://maps.google.com/?cid=14482962611855915204,4.9,66,Yes,Low Priority,Already has website
"Dr. Walia's Skin, Laser & Hair Transplant Clinic",Hair clinic,Mohali,"HM-127, Mohali Stadium Rd, Phase 3B-1, Sector 60, Sahibzada Ajit Singh Nagar, Punjab 160055, India",092572 21456,https://drwalias.com/,https://maps.google.com/?cid=10060937943123117930,4.4,666,Yes,Low Priority,Already has website
"Dr. Ramandeep Kaur | Dermatologist & Aesthetic Physician | Best Skin, Hair , Laser, Surgery Clinic | Chandigarh | Mohali",Hair clinic,Mohali,"FIRST FLOOR, Phase 10, SCF-18, Phase 10, Sector 64, Sahibzada Ajit Singh Nagar, Punjab 160062, India",079863 18198,https://drbhinderclinic.com/,https://maps.google.com/?cid=7308297198695858030,5,454,Yes,Low Priority,Already has website
Renew You,Hair clinic,Mohali,"HM 556, 1s Floor, Phase 7, Sector 61, Sahibzada Ajit Singh Nagar, Punjab 160062, India",094969 69627,http://www.renewyou.co.in/,https://maps.google.com/?cid=14287997755945584041,4.8,318,Yes,Low Priority,Already has website
𝗗𝗿 𝗦𝗮𝗸𝘂𝗻 𝗡𝗲𝘂𝗿𝗼 𝗢𝗿𝘁𝗵𝗼 𝗣𝗵𝘆𝘀𝗶𝗼 𝗖𝗮𝗿𝗲,Physiotherapist,Mohali,"House no, HL 604, Phase 9, sector 63, Chandigarh, Sahibzada Ajit Singh Nagar, Punjab 160062, India",099887 50480,https://drsakunneuroorthophysiocare.com/,https://maps.google.com/?cid=2242070838252543800,4.8,964,Yes,Low Priority,Already has website
𝗦𝘂𝗸𝗵𝗶𝗷𝗮 𝗣𝗵𝘆𝘀𝗶𝗼𝘁𝗵𝗲𝗿𝗮𝗽𝘆 & 𝗠𝗮𝗻𝗶𝗽𝘂𝗹𝗮𝘁𝗶𝗼𝗻 𝗖𝗹𝗶𝗻𝗶𝗰,Physiotherapist,Mohali,"SCF. 33, Basement, Phase 10, Mohali, Phase 10, Sector 64, Sahibzada Ajit Singh Nagar, Punjab 160062, India",096468 06486,https://sukhijaphysio.com/,https://maps.google.com/?cid=5891376330794947680,4.8,545,Yes,Low Priority,Already has website
Brar's Physio Care,Physiotherapist,Mohali,"HM 8, Phase 3B-1, Sector 60, Sahibzada Ajit Singh Nagar, Punjab 160059, India",099882 03714,https://brarphysiocare.com/,https://maps.google.com/?cid=4824188440242593377,4.9,311,Yes,Low Priority,Already has website
Mohali Physiotherapy Centre,Physiotherapist,Mohali,"House Number 685, Sector 80, Sahibzada Ajit Singh Nagar, Punjab 140308, India",098889 99190,,https://maps.google.com/?cid=16294469070879299842,5,73,No,Top Priority,"No website, high reviews"
Dr. Anand Garg Physiotherapy and Rehabilitation center (Home Visits Only),Physiotherapist,Mohali,"House Number 524 Phase, 3a, Phase 3 A, Sector 53, Sahibzada Ajit Singh Nagar, Punjab 160059, India",098762 48619,,https://maps.google.com/?cid=17007527403780503879,5,785,No,Top Priority,"No website, high reviews"
MOHALI DIAGNOSTIC CENTRE,Diagnostic lab,Mohali,"SCO - 678, Sector 70, Sahibzada Ajit Singh Nagar, Punjab 160071, India",081466 11106,,https://maps.google.com/?cid=9073634317086504886,4.9,927,No,Top Priority,"No website, high reviews"
Chandigarh Diagnostic Laboratories,Diagnostic lab,Mohali,"S.C.F. 14, 1st,2nd & 3rd Floor, opposite चावला नर्सिंग होम, Phase 7, Sector 61, Sahibzada Ajit Singh Nagar, Punjab 160062, India",0172 505 3866,http://cdllabs.in/,https://maps.google.com/?cid=6951842978947183623,4.4,539,Yes,Low Priority,Already has website
"Helix Path Labs (NABL Accredited Lab, Now Open 24x7)",Diagnostic lab,Mohali,"SCF 82, FIRST FLOOR, PHASE 5, Phase 5, Sector 59, Sahibzada Ajit Singh Nagar, Punjab 160059, India",0172 401 2861,https://helix-pathlabs.com/,https://maps.google.com/?cid=734545406102609527,4.3,115,Yes,Low Priority,Already has website
Sri Guru Har Rai Sahib Diagnostic center Phase-7 sec-61 Mohali,Diagnostic lab,Mohali,"Gurdwara Bibi Bhani Ji, Phase 7, Sector 61, Sahibzada Ajit Singh Nagar, Punjab 160062, India",090418 62691,https://sghrsdc22.com/,https://maps.google.com/?cid=270059613096019463,4.9,302,Yes,Low Priority,Already has website
"JP Eye Hospital, a unit of Dr Agarwals Eye Hospital",Eye clinic,Mohali,"Mohali Stadium Rd, Phase 7, & 35, Sector 61, Sahibzada Ajit Singh Nagar, Punjab 160062, India",095949 24435,https://www.dragarwal.com/eye-hospital/sector-61-mohali/?utm_source=locator&utm_medium=googleplaces,https://maps.google.com/?cid=15978390251032659710,4.7,1124,Yes,Low Priority,Already has website
Sangam Netralaya,Eye clinic,Mohali,"SCO 669, Sector 70, Chandigarh, Sahibzada Ajit Singh Nagar, Punjab 160071, India",087250 66977,http://www.sangamnetralaya.com/,https://maps.google.com/?cid=13767780556572187055,4.8,834,Yes,Low Priority,Already has website
SRI GURU HAR RAI SAHIB Eye hospital,Eye clinic,Mohali,"Mohali 7 Phase, bibi bhani, gurdwara sahib, Sahibzada Ajit Singh Nagar, Punjab 160062, India",097797 02691,https://sriguruharraisahabeyehospital.blogspot.com/,https://maps.google.com/?cid=4079514740214495879,4.9,550,Yes,Low Priority,Already has website
Tricity Eye Hospital,Eye clinic,Mohali,"SCO 48, Sector-125, New Sunny Enclave, Mohali, Chandigarh Kharar Road, Behind KFC / Gopals, Katani Vashno Dhaba, Sector 125, Sunny Enclave, Kharar, Punjab 140301, India",089682 48767,https://tricityeyehospital.com/,https://maps.google.com/?cid=3199502605751384390,4.7,73,Yes,Low Priority,Already has website
Dr. Gagandeep Singh Sachdeva,Orthopedic clinic,Mohali,"Ground Floor, Sohana, Sector 77, S.A.S Nagar Mohali, Akal Ashram Colony, Sector 77, Chandigarh, Sahibzada Ajit Singh Nagar, Punjab 140308, India",098140 98250,https://www.sghshospitals.com/knee_replacement,https://maps.google.com/?cid=423370533626682989,4.9,1788,Yes,Low Priority,Already has website
Dr. Manuj Wadhwa,Orthopedic clinic,Mohali,"Livasa Hospital, 3376, Sector 71, Sahibzada Ajit Singh Nagar, Punjab 160071, India",086996 86996,https://www.eliteorthoindia.com/,https://maps.google.com/?cid=1786147786631208098,4.8,1173,Yes,Low Priority,Already has website
"Dr Jagandeep S. Virk - Ortho Doctor, Bone Cancer & Bone Tumour Specialist, Joint Replacement Surgeon, Mohali, Punjab, India",Orthopedic clinic,Mohali,"H.M 128, Phase 3B-1, Sector 60, Sahibzada Ajit Singh Nagar, Punjab 160059, India",098888 84149,http://bonecancerspecialist.com/,https://maps.google.com/?cid=10214626582406246600,4.9,124,Yes,Low Priority,Already has website
Dr. Vivek Kochar at Healthclique Mohali | Best Orthopedic Doctor in Mohali,Orthopedic clinic,Mohali,"SCF 26, Phase 11, Sector 65, Sahibzada Ajit Singh Nagar, Punjab 160062, India",099144 25678,https://www.drvivekkochar.com/,https://maps.google.com/?cid=3764214058068367103,4.9,278,Yes,Low Priority,Already has website
Dr. Gurpreet Bone and Joint Clinic,Orthopedic clinic,Mohali,"2, Phase 11, Sector 65, Sahibzada Ajit Singh Nagar, Punjab 140301, India",094172 24960,,https://maps.google.com/?cid=11163557942362976827,5,724,No,Top Priority,"No website, high reviews"
Dr. Ekawali Gupta,Gynecologist,Mohali,"MOTHERHOOD HOSPITAL, Cosmo MSH building, Sector 62, Sahibzada Ajit Singh Nagar, Punjab 160062, India",098157 46071,https://www.drekawaligupta.com/,https://maps.google.com/?cid=14180499298354133230,4.9,553,Yes,Low Priority,Already has website
Dr. Sunaina Bansal - Best Gynecologist in Mohali,Gynecologist,Mohali,"284, H.I.G Block, Sector 71, Sahibzada Ajit Singh Nagar, Punjab 160071, India",098888 32832,https://dr-sunaina-bansal-best.grexa.site/,https://maps.google.com/?cid=2624405574819269194,4.9,324,Yes,Low Priority,Already has website
"Dr Ruchi Bansal, Best Gynaecologist In Mohali, Gynecologist, Pregnancy/Infertility Specialist, Fibroid/Lady Doctor In Mohali",Gynecologist,Mohali,"SCF 46, First floor, Phase 10, Sector 64, Sahibzada Ajit Singh Nagar, Punjab 160062, India",070092 39717,https://drruchibansal.wixsite.com/india,https://maps.google.com/?cid=9999444854641511156,4.9,414,Yes,Low Priority,Already has website
Dr. Swapna Misra,Gynecologist,Mohali,"Fortis Hospital Mohali - Best Hospital in Mohali, Sector 62, Sahibzada Ajit Singh Nagar, Punjab 160062, India",098153 35589,https://www.instagram.com/drswapnamisra/,https://maps.google.com/?cid=13836888746332857113,4.8,421,Yes,Low Priority,Already has website
